CNPJ,Endereço Completo,Latitude,Longitude
,"Rua BENEDITO FERNANDES, 270, Santo Amaro, São Paulo, São Paulo",-23.6610006,-46.7093906
,"Avenida RUDGE, 500, Bom Retiro, São Paulo, São Paulo",-23.523624,-46.6500239
,"Rua PADRE ADELINO, 685, Belém, São Paulo, São Paulo",-23.5439803,-46.5838146
,"Avenida CASSIANO RICARDO, 1993, Jardim Alvorada, São José dos Campos, São Paulo",-23.2280037,-45.9124721
,"Rodovia RAPOSO TAVARES, 23033, Granja Viana, Cotia, São Paulo",-23.5996855,-46.8473029
,"Avenida ENGENHEIRO GEORGE CORBISIER, 273, Jabaquara, São Paulo, São Paulo",-23.6392403,-46.6419503
,"Rua Benedito Egídio Barbosa, 11, Vila Brasilândia, São Paulo, São Paulo",-23.4598445,-46.6986945
,"Avenida CARLOS LIVIERO, 942, Vila Liviero, São Paulo, São Paulo",-23.6463226,-46.5955091
,"Avenida AFONSO PENA, 336, Macuco, Santos, São Paulo",-23.9671384,-46.3076691
,"Rua CARLOS OLIVEIRA RODRIGUES, 101, Jardim Josane, Sorocaba, São Paulo",-23.4520305,-47.3701706
,"Avenida PREF. JORGE FRANCISCO CORREIA ALLEN, 575, Centro, Poá, São Paulo",-23.52806,-46.34472
,"Rua Paim, 201, Bela Vista, São Paulo, São Paulo",-23.5544616,-46.6500849
,"Rua OSVALDO RAMOS, 100, Parque Mikail, Guarulhos, São Paulo",-23.46278,-46.53333
,"Estrada DO COPIUVA, 1985, Vila da Oportunidade, Carapicuíba, São Paulo",-23.5539916,-46.8262051
,"Rodovia ENGENHEIRO RENE BENEDITO DA SILVA, 668, SAO JOAO, Itapevi, São Paulo",-23.54889,-46.93417
,"Rodovia REGIS BITENCOURT KM 293,5, S/N, POTUPEVA, Itapecerica da Serra, São Paulo",-23.71694,-46.84917
,"Avenida NOSSA SENHORA DA LAPA, 22, Vila Nova, Cubatão, São Paulo",-23.895,-46.42528
,"Rua MAGALI WASSEL, 25, Jardim Itacolomi, Itapevi, São Paulo",-23.54889,-46.93417
,"Avenida CARMINE GRAGNANO, 798, Centro, Jandira, São Paulo",-23.5266948,-46.8948766
,"Rua DOLORES DE AQUINO, 1925, Jundiapeba, Mogi das Cruzes, São Paulo",-23.5453399,-46.2583235
,"Rua OTAVIO RODRIGUES BARBOSA, 219, VILA ROMANOPOLIS, Ferraz de Vasconcelos, São Paulo",-23.541155,-46.365145
,"Avenida INACIO CUNHA LEME, 301, Jardim Suzana, São Paulo, São Paulo",-23.5475,-46.63611
,"Rua HERBART, 47, Lapa, São Paulo, São Paulo",-23.5194474,-46.7012017
,"Rua AMAMBAI, 1215, Vila Maria, São Paulo, São Paulo",-23.5177931,-46.5853263
,"Avenida MATHEUS CONEGERO, 170, Pq. Bela Vista, Votorantim, São Paulo",-23.5424617,-47.4634582
,"Rua DA PRATA, 349, Jardim dos Camargos, Barueri, São Paulo",-23.5025874,-46.8674979
,"Rua DOLORES DE AQUINO, 640, Jundiapeba, Mogi das Cruzes, São Paulo",-23.5441947,-46.2634901
,"Rua SEBASTIÃO RIBEIRO, 28, Jardim Sta.Lucia-Capão Redondo, São Paulo, São Paulo",-23.6629,-47.6209
,"Rua Martim Afonso, 210, Jardim Piratininga, Osasco, São Paulo",-23.5198227,-46.7936859
,"Rua PROFESSOR TOLEDO, 194, Centro, Araçoiaba da Serra, São Paulo",-23.5050525,-47.6182181
,"Avenida MUTINGA, 2426, Pirituba, São Paulo, São Paulo",-23.4873078,-46.7354848
,"Avenida Marechal Tito, 6829, Itaim Paulista, São Paulo, São Paulo",-23.4927223,-46.3885539
,"Avenida DR.ALIPIO FERREIRA, 676, Centro, Piracaia, São Paulo",-23.0538678,-46.3498227
,"Praça 14 Bis, 26, Bela Vista, São Paulo, São Paulo",-23.5554462,-46.650081
,"Avenida Pompeia, 1115, Vila Pompéia, São Paulo, São Paulo",-23.5339352,-46.6874622
,"Avenida INDEPENDENCIA, 278, Rocio, Cananéia, São Paulo",-25.0069457,-47.9313292
,"Rua FRANCISCO INACIO SOLANO, 445, CANTINHO DO CEU, São Paulo, São Paulo",-23.7424958,-46.6618167
,"Rua DOUTOR JOAO RIBEIRO, 304, PENHA DE FRANCA, São Paulo, São Paulo",-23.5251778,-46.5467519
,"Rua Cambuci do Vale, 52, Cidade Dutra, São Paulo, São Paulo",-23.7142184,-46.7019877
,"Avenida ELISIO TEIXEIRA LEITE, 1095, Vila Brasilandia, São Paulo, São Paulo",-23.4732589,-46.7056203
,"Avenida WALTER ENGRACIA DE OLIVEIRA, 39, Estancia Lynce, Atibaia, São Paulo",-23.1249196,-46.5512118
,"Avenida Clara Gianotti de Souza, 560, Centro, Registro, São Paulo",-24.4956396,-47.8463054
,"Rua SANTA BERNADETE, 344, Canhema, Diadema, São Paulo",-23.6728106,-46.6037944
,"Estrada CANAL DA COCAIA, 2832, Parque Residencial Cocaia, São Paulo, São Paulo",-23.738973,-46.666526
,"Rua CAMPINA GRANDE DO SUL, 237, Jardim Centenario, Guarulhos, São Paulo",-23.46278,-46.53333
,"Avenida Nove de Julho, 600, Vila Padre Bento, Itu, São Paulo",-23.2558383,-47.3125982
,"Avenida ENGENHEIRO HEITOR ANTONIO EIRAS GARCIA, 5985, Jardim Esmeralda, São Paulo, São Paulo",-23.5916859,-46.7749208
,"Rua CAMPINA GRANDE, 383, Rochdale, Osasco, São Paulo",-23.5146471,-46.7786816
,"Rua HEBERT DE SOUZA - BETINHO, 112, Portal D'Oeste, Osasco, São Paulo",-23.5325,-46.79167
,"Rua JOÃO TEODORO, 842, Brás, São Paulo, São Paulo",-23.5345723,-46.6244535
,"Rua JOÃO TEODORO, 842, Brás, São Paulo, São Paulo",-23.5345723,-46.6244535
,"Rua DOMINGOS DE MORAIS, 2564, Vila Mariana, São Paulo, São Paulo",-23.5990047,-46.6369432
,"Avenida SAPOPEMBA, 7911, Jardim Adutora, São Paulo, São Paulo",-23.5968387,-46.5226399
,"Rua HADDOCK LOBO, 328, CERQUEIRA CESAR, São Paulo, São Paulo",-23.5620377,-46.6659896
,"Rua JOAO MARIANO FERREIRA, 164, Centro, Itanhaém, São Paulo",-24.18306,-46.78889
,"Avenida RAIMUNDO PEREIRA DE MAGALHAES, 14000, Pirituba, São Paulo, São Paulo",-23.4973896,-46.7266245
,"Estrada FERNANDO NOBRE, 283/487, PARQUE RINCAO, Cotia, São Paulo",-23.60389,-46.91917
,"Rua ANTONIO OVIDIO RODRIGUES, 1389, PQ INDUSTRIAL JUNDIAI II, Jundiaí, São Paulo",-23.1557772,-47.0198521
,"Praça BENEDITO MARTINS DA CRUZ, 20, Centro, Cajamar, São Paulo",-23.35611,-46.87694
,"Avenida MASCOTE, 429, Vila Mascote, São Paulo, São Paulo",-23.6486173,-46.6656941
,"Rua SANTO ANTONIO, 543, Bela Vista, São Paulo, São Paulo",-23.5572224,-46.6481436
,"Rua Major Murzilho, 96, Centro, Bom Jesus dos Perdões, São Paulo",-23.135,-46.46528
,"Rua MMDC, 546, PAULICEIA, São Bernardo do Campo, São Paulo",-23.6747014,-46.5915321
,"Rua JOAO LEITE, 39, Centro, Boituva, São Paulo",-23.2858028,-47.6746236
,"Avenida SÃO JOÃO, 1115, Centro, Atibaia, São Paulo",-23.1132176,-46.5569796
,"Rua SENHORA MARIA APARECIDA PESSUTTI MILLEGO, 250, Parque Campolim, Sorocaba, São Paulo",-23.52819,-47.46832
,"Rua MARIA CINTO DE BIAGGI, 164,  Jardim Santa Rosalia, Sorocaba, São Paulo",-23.4901946,-47.4450244
,"Avenida Sapopemba, 1304, Vila Leme, São Paulo, São Paulo",-23.38083,-48.73085
,"Avenida MARANHAO, 235, Parque Paraíso, Itapecerica da Serra, São Paulo",-23.711478,-46.8570274
,"Rua JOAO FELIZARDO, 477, Vila Antunes, Cajati, São Paulo",-24.7323312,-48.1103442
,"Rua CIDADE DE SAO SEBASTIAO, 201, JARDIM WALLACE SIMONSEN, São Bernardo do Campo, São Paulo",-23.709775,-46.5395554
,"Rua PROFESSORA ADELAIDE ESCOBAR BUENO, 397, Munhoz Junior, Osasco, São Paulo",-23.4967947,-46.807083
,"Praça SÃO PAULO, 97, Centro, Itupeva, São Paulo",-23.1521891,-47.0570231
,"Rua JOÃO SABIO GONÇALVES, 132, Jardim Ana Luiza, Itupeva, São Paulo",-23.1582683,-47.0422031
,"Avenida FRANCISCO NOBRE, 100, Medeiros, Jundiaí, São Paulo",-23.1872004,-46.9847659
,"Rua SERAPHIN GILBERTO CANDELLO, 1519, JD SAO CONRADO, Indaiatuba, São Paulo",-23.08842,-47.2119
,"Rua Aricá -  Mirim, 63, Vila São Francisco, São Paulo, São Paulo",-23.5245532,-46.4917133
,"Avenida RENATA, 346, CHACARA BELENZINHO, São Paulo, São Paulo",-23.5733062,-46.5413423
,"Rua AGENOR DE BARROS, 211, Vila Ponte Rasa, São Paulo, São Paulo",-23.5088206,-46.4894631
,"Avenida ARQUITETO VILANOVA ARTIGAS, 132, CONJ HABIT. TEOTONIO VILELA, São Paulo, São Paulo",-23.6133707,-46.5009539
,"Avenida cangaiba, 1659, CANGAIBA, São Paulo, São Paulo",-23.5087736,-46.5389309
,"Avenida RAGUEB CHOHFI, 4831, Jardim Iguatemi, São Paulo, São Paulo",-23.5944434,-46.4386057
,"Rua Julio Prestes, 1055, Centro, Sete Barras, São Paulo",-24.3840612,-47.9284094
,"Rua ITIBERE DA CUNHA, 159, Samambaia, Praia Grande, São Paulo",-24.0327245,-46.5256038
,"Rua INACIO CERVANTES, 1199, Parque Ipê, São Paulo, São Paulo",-23.5937742,-46.7971128
,"Rua FREI CANECA, 569, CONSOLACAO, São Paulo, São Paulo",-23.5541784,-46.6524183
,"Rua FERNÃO DIAS, 579, Pinheiros, São Paulo, São Paulo",-23.5663331,-46.6954353
,"Rua Presidente Wenceslau Brás, 335, São Vicente, Mauá, São Paulo",-23.66778,-46.46139
,"Rua SOLDADO CONSTITUCIONALISTA, 54, Jardim Soares, Itapira, São Paulo",-22.43611,-46.82167
,"Avenida DR. FRANCISCO RANIERI, 834, Lauzane Pta., São Paulo, São Paulo",-23.476523,-46.6450418
,"Avenida TUCURUVI, 248, Tucuruvi, São Paulo, São Paulo",-23.4787794,-46.6088101
,"Avenida CORONEL SEZEFREDO FAGUNDES, 4800, Tucuruvi, São Paulo, São Paulo",-23.4704114,-46.6055149
,"Rua JOAO PUGA BERTINI, 12, Terra Preta, Mairiporã, São Paulo",-23.24389,-46.55222
,"Rua HUMBERTO I, 545, Vila Mariana, São Paulo, São Paulo",-23.5848574,-46.6421213
,"Rua Mourato Coelho, 1458, Pinheiros, São Paulo, São Paulo",-23.5554328,-46.6928898
,"Rua PEDRO BASSI, 499, Santo Antonio, Louveira, São Paulo",-23.0862536,-46.9806053
,"Rua GUILHERME BRIVIGLIERI, 203, PQ. VITORIA REGIA, Sorocaba, São Paulo",-23.4261102,-47.4508263
,"Avenida ARMANDO FERRENTINI, 406, Aclimação, São Paulo, São Paulo",-23.5746722,-46.6351096
,"Rua Professor Atilio Innocenti, 29, Vila Nova Conceição, São Paulo, São Paulo",-23.70114,-48.10404
,"Avenida JARDIM JAPAO, 1284, Jardim Brasil, São Paulo, São Paulo",-23.4793728,-46.5819262
,"Estrada Municipal do jacu, S/N, Jacú, Itu, São Paulo",-23.2998852,-47.3781323
,"Estrada Municipal do jacu, S/N, Jacú, Itu, São Paulo",-23.2998852,-47.3781323
,"Avenida JOSÉ HERCULANO, 7040, Porto Novo, Caraguatatuba, São Paulo",-23.6946544,-45.4422191
,"Avenida JOSÉ HERCULANO, 7040, Porto Novo, Caraguatatuba, São Paulo",-23.6946544,-45.4422191
,"Avenida SENADOR FLAQUER, 862, Vila Euclides, São Bernardo do Campo, São Paulo",-23.6927638,-46.5586558
,"Avenida DOUTOR ERMELINDO MAFFEI, 1199, SAO LUIZ, Itu, São Paulo",-23.2642243,-47.280937
,"Avenida TENENTE MARQUES, 4131, IPES (POLVILHO), Cajamar, São Paulo",-23.4087947,-46.8495441
,"Rua Estado da Bahia, 261, São Pedro São Paulo, Salto, São Paulo",-23.2053331,-47.3080198
,"Avenida DOS COSTAS, 1801, JARDIM RESIDENCIAL DAS PALMEIR, Rio Claro, São Paulo",-22.4357046,-47.5822843
,"Avenida 24A, 303, VILA ALEMA, Rio Claro, São Paulo",-22.41139,-47.56139
,"Rua VEREADOR GUMERCINDO FERNANDES PEREIRA, 1030, JARDIM PARQUE INDUSTRIAL, Santa Gertrudes, São Paulo",-22.4466094,-47.5455028
,"Rua PRESIDENTE ARTHUR DA COSTA E SILVA, 453, Parque São Vicente, Mauá, São Paulo",-22.7321,-43.36924
,"Rua Gomes de Carvalho, 1614, Vila Olímpia, São Paulo, São Paulo",-23.5950063,-46.6896149
,"Rua CASPER LIBERO, 491, PAULICEIA, São Bernardo do Campo, São Paulo",-23.6673537,-46.5941037
,"Avenida ARICANDUVA, 5555, Vila Matilde, São Paulo, São Paulo",-23.5659937,-46.504011
,"Rua Paulo Soares, 509, Jardim Santo Antonio, Osasco, São Paulo",-23.5583958,-46.79401
,"Rua SENADOR FLAQUER, 294, São José, São Caetano do Sul, São Paulo",-23.6340594,-46.5752863
,"Rua Ibirapuera, 20, Parque Jurema, Guarulhos, São Paulo",-23.4465622,-46.4110879
,"Rua DOMINGOS DE MORAIS, 286, Vila Mariana, São Paulo, São Paulo",-23.5796817,-46.6404127
,"Rua PRESIDENTE CASTELO BRANCO, 174, Jardim Sorocabano, Jandira, São Paulo",-23.534615,-46.9056476
,"Rua PAULO ANDRIGHETTI, 470, Pari, São Paulo, São Paulo",-23.5263346,-46.6061665
,"Rua ADOLFO ANDRE, 100, Centro, Atibaia, São Paulo",-23.1129695,-46.5555231
,"Avenida DA SAUDADE, 61, Centro, Atibaia, São Paulo",-23.1159122,-46.5488536
,"Rua NELLO BACCI, 121, TANQUE, Atibaia, São Paulo",-23.0445236,-46.5692836
,"Rua ANTONIO CUNHA LEITE, 2458, PORTAO, Atibaia, São Paulo",-23.2058183,-46.5886085
,"Rua DO RETIRO, 2400, Vila das Hortencias, Jundiaí, São Paulo",-23.1797337,-46.9055741
,"Avenida Miguel de Araujo, 182, Porto Cubatão, Cananéia, São Paulo",-24.97232,-47.94529
,"Rua PEDRO ESCOBAR, 619, Grajau, São Paulo, São Paulo",-23.7475989,-46.6642636
,"Rua FRANCISCO INACIO SOLANO, 206, CANTINHO DO CEU, São Paulo, São Paulo",-23.7424958,-46.6618167
,"Avenida RAIMUNDO PEREIRA DE MAGALHAES, 12590, Pirituba, São Paulo, São Paulo",-23.4825331,-46.7231692
,"Avenida DR. ERMELINDO MAFFEI, 734, SAO LUIZ, Itu, São Paulo",-23.2645744,-47.2828289
,"Rua Americo Vespucio, 12, Parque Imperial, Barueri, São Paulo",-23.4804833,-46.8052982
,"Avenida PAULISTA, 854, Bela Vista, São Paulo, São Paulo",-23.5658304,-46.6508381
,"Avenida ENGENHEIRO ARMANDO DE ARRUDA PEREIRA, 4.684, Vila do Encontro, São Paulo, São Paulo",-23.6545806,-46.6368308
,"Avenida AUTONOMISTAS, DOS, 1400, Vila Yara, Osasco, São Paulo",-23.5389781,-46.7653358
,"Rua UM, 510, PARQUE DO HORTO, Hortolândia, São Paulo",-22.8535255,-47.1982364
,"Avenida ANTONIO LOUZADA ANTUNES, 205, JARDIM PEDRO JOSE NUNES, São Paulo, São Paulo",-23.5021947,-46.4645312
,"Avenida Gregorio Bezerra, 400, Jardim IV Centenário, São Paulo, São Paulo",-23.7066222,-46.6876047
,"Rua CRISTOVAO DINIZ, 599, JARDIM DO ESTADIO, Itu, São Paulo",-23.2825872,-47.2874574
,"Rua SETE LAGOS, 190, CHACARAS REUNIDAS, São José dos Campos, São Paulo",-23.2541491,-45.9313672
,"Avenida PAULO AYRES, 470, Parque Pinheiros, Taboão da Serra, São Paulo",-23.621218,-46.784949
,"Rua SANTA ETELVINA, 10, JARDIM SANTA TERESINHA, São Paulo, São Paulo",-23.5250364,-46.4286611
,"Avenida Dos Latinos, 1264, Jd. Santa Terezinha, São Paulo, São Paulo",-23.36667,-49.16667
,"Rua JOSE LUIZ LEME MACIEL, 68, Jordanesia, Cajamar, São Paulo",-23.335462,-46.8284617
,"Rua CECILIA MEIRELES, 537, JARDIM JAPAO, São Paulo, São Paulo",-23.5118251,-46.5797465
,"Avenida MAJOR ANTONIO DA SILVEIRA CAMARGO, 148, Centro, Cabreúva, São Paulo",-23.3054129,-47.133016
,"Rua ALAGOINHA, 998, Jardim Mutinga, Barueri, São Paulo",-23.5055776,-46.8092969
,"Avenida São Jorge, 923, Vila Mirim, Praia Grande, São Paulo",-24.00583,-46.40278
,"Rua Viriato Correia, 70, Jardim do Lago, Jundiaí, São Paulo",-23.2215932,-46.8624959
,"Avenida GUILHERME COTCHING, 1746, Vila Maria, São Paulo, São Paulo",-23.5147153,-46.5866614
,"Avenida Otto Baumgart, 500, Vila Guilherme, São Paulo, São Paulo",-23.5174969,-46.6149398
,"Avenida SAO PAULO, 247, Cidade Intercap, Taboão da Serra, São Paulo",-23.6110814,-46.7763807
,"Avenida Braz Leme, 2040, Santana, São Paulo, São Paulo",-23.5048653,-46.6409346
,"Rua José Getulio, 142, Liberdade, São Paulo, São Paulo",-23.5672233,-46.6360806
,"Rua Duque de Caxias, 21, Campo Grande, Santos, São Paulo",-23.9599623,-46.3415268
,"Rua ARBELA, 1004, CIDADE ANTONIO ESTEVAO DE CARV, São Paulo, São Paulo",-23.5258595,-46.4698864
,"Avenida PADRE ANTÔNIO JOSÉ DOS SANTOS, 296, Cidade Monções, São Paulo, São Paulo",-20.85028,-50.09167
,"Avenida SALGADO FILHO, 1536, Centro, Guarulhos, São Paulo",-23.4644593,-46.5303663
,"Avenida SALGADO FILHO, 1536, Centro, Guarulhos, São Paulo",-23.4644593,-46.5303663
,"Avenida SALGADO FILHO, 1536, Centro, Guarulhos, São Paulo",-23.4644593,-46.5303663
,"Rua LUIS GOIS, 1877, MIRANDOPOLIS, São Paulo, São Paulo",-23.6040646,-46.6460655
,"Rua LUIS GOIS, 1877, MIRANDOPOLIS, São Paulo, São Paulo",-23.6040646,-46.6460655
,"Rua CONSTANCIO COLALILO, 630, Vila Augusta, Guarulhos, São Paulo",-23.4830163,-46.5375843
,"Alameda TERRACOTA, 545, CERAMICA, São Caetano do Sul, São Paulo",-23.626174,-46.5788138
,"Avenida PAVÃO, 61, RECANTO DO PARAISO, São Paulo, São Paulo",-23.6083178,-45.3511302
,"Avenida Lins de Vasconcelos, 733, Cambuci, São Paulo, São Paulo",-23.577604,-46.623795
,"Rua RIBEIRO DE LIMA, 610, Bom Retiro, São Paulo, São Paulo",-23.5312906,-46.6386411
,"Rua DR. NUNO SILVA, 220, Centro, Eldorado, São Paulo",-24.52,-48.10806
,"Avenida DR GASTAO VIDIGAL, 1946, VL LEOPOLDINA, São Paulo, São Paulo",-23.536284,-46.7376947
,"Rua AFONSO CHAVES, 1083, Cidade Ocian, Praia Grande, São Paulo",-24.00583,-46.40278
,"Rua CORA CORALINA, 195, Anhanguera, Praia Grande, São Paulo",-24.0199067,-46.4894587
,"Avenida Benedito Storani, 762, Residencial Aquario, Vinhedo, São Paulo",-23.02972,-46.97528
,"Avenida PREFEITO ANTONIO J.TOLEDO GARCIA LOPES, 1525, Jd.das Cerejeiras, Atibaia, São Paulo",-23.11694,-46.55028
,"Rua ANTONIO JOAQUIM LEME, 02, Vila Prudente de Moraes, Itu, São Paulo",-23.285001,-47.2893848
,"Rua HAMLETO MENQUINI, 41, PARQUE RES.POTIGUARA, Itu, São Paulo",-23.26417,-47.29917
,"Avenida VINICIUS DE MORAES, 143, VILA SAO PAULO, Ferraz de Vasconcelos, São Paulo",-23.5578807,-46.3669865
,"Rua REGENTE FEIJO, 166, VILA SAO FRANCISCO, Mauá, São Paulo",-23.6726791,-46.4503303
,"Rua ALFREDO CARLOS SAO JOSE, 47, JD EUROPA, Itupeva, São Paulo",-23.15306,-47.05778
,"Rua SANTA CLARA, 175, Residencial Santo Antonio, Itupeva, São Paulo",-23.1624922,-47.0454896
,"Avenida Professor José Munhoz, 685, Jardim Munhoz, Guarulhos, São Paulo",-23.46278,-46.53333
,"Rua PERNAMBUCO, 18, Vila Sanches, Juquiá, São Paulo",-24.3152139,-47.6323946
,"Rua EDNA FERBER, 359, PARQUE BELEM, São Paulo, São Paulo",-23.4650898,-46.6842514
,"Rua EDSON PETRI, 215, COLINAS MAIRIPORA II, Mairiporã, São Paulo",-23.2731589,-46.5904345
,"Praça COMANDANTE EDUARDO DE OLIVEIRA, 126, Parque Edu Chaves, São Paulo, São Paulo",-23.4762218,-46.5644893
,"Rua PEROLA, 350, JARDIM SANTA ESMERALDA, Hortolândia, São Paulo",-22.9081539,-47.194098
,"Avenida ITABERABA, 4418, Itaberaba, São Paulo, São Paulo",-23.474322,-46.668385
,"Avenida NOVA CANTAREIRA, 3381, Tucuruvi, São Paulo, São Paulo",-23.47093,-46.617617
,"Rua ALBERTO BORGES SOVERAL, 09, Pq.Novo Santo Amaro, São Paulo, São Paulo",-23.6924523,-46.7832438
,"Avenida SALVADOR MARKOWICZ, 339, Lagos de Santa Helena, Bragança Paulista, São Paulo",-22.9806161,-46.5299192
,"Rua JOSEFA ALVES SIQUEIRA, 5891, JARDIM ANHANGUERA, Praia Grande, São Paulo",-24.00583,-46.40278
,"Rua MARINA, 1081, Centro, Mongaguá, São Paulo",-24.09306,-46.62083
,"Avenida NOSSA SENHORA DE FATIMA, 430, Agenor de Campos, Mongaguá, São Paulo",-24.127765,-46.6898597
,"Avenida NOSSA SENHORA DE FATIMA, 430, Agenor de Campos, Mongaguá, São Paulo",-24.127765,-46.6898597
,"Avenida VEREADOR ALVARO GUIMARAES, 148, Radio Clube, Santos, São Paulo",-23.96083,-46.33361
,"Avenida MARTINS FONTES, 1101, Vila Nova, Cubatão, São Paulo",-23.895,-46.42528
,"Avenida MARCOLINO XAVIER DE CARVALHO, 313, CIDADE NAUTICA, São Vicente, São Paulo",-23.9430138,-46.417987
,"Avenida SANTOS DUMONT, 1503, SITIO PAECARA (VICENTE DE CARV, Guarujá, São Paulo",-23.9540438,-46.2912372
,"Avenida ANCHIETA, 2300, ALBATROZ, Bertioga, São Paulo",-23.8376018,-46.1298621
,"Avenida ANCHIETA, 2300, ALBATROZ, Bertioga, São Paulo",-23.8376018,-46.1298621
,"Avenida LUCIANO DE BONA, 2027, Vila Romar, Peruíbe, São Paulo",-24.2936254,-46.9770747
,"Avenida LUCIANO DE BONA, 2027, Vila Romar, Peruíbe, São Paulo",-24.2936254,-46.9770747
,"Rua ANTONIO CANDIDO DA SILVA, 57, VILA SONIA, Praia Grande, São Paulo",-23.9999472,-46.4461932
,"Rua ANTONIO CANDIDO DA SILVA, 57, VILA SONIA, Praia Grande, São Paulo",-23.9999472,-46.4461932
,"Avenida JOAQUIM JORGE PERALTA, 166, PARQUE SAO LUIS, Cubatão, São Paulo",-23.895,-46.42528
,"Avenida DOS CAICARAS, 1682, Jardim Las Palmas, Guarujá, São Paulo",-23.99306,-46.25639
,"Rua BENEDITA CUSTODIO, 175, Samambaia, Praia Grande, São Paulo",-24.0329352,-46.5216928
,"Rua BENEDITA CUSTODIO, 175, Samambaia, Praia Grande, São Paulo",-24.0329352,-46.5216928
,"Avenida SANTISTA, 833, MORRO DE NOVA CINTRA, Santos, São Paulo",-23.9458312,-46.3552528
,"Estrada DO CASCALHO, 415, BOICUCANGA, São Sebastião, São Paulo",-23.7787433,-45.6144153
,"Estrada DO CASCALHO, 415, BOICUCANGA, São Sebastião, São Paulo",-23.7787433,-45.6144153
,"Rua FREI GASPAR, 2000, PARQUE SAO VICENTE, São Vicente, São Paulo",-23.9611945,-46.3951659
,"Rua FREI GASPAR, 2000, PARQUE SAO VICENTE, São Vicente, São Paulo",-23.9593943,-46.3987638
,"Avenida ANA COSTA, 364, Gonzaga, Santos, São Paulo",-23.9600667,-46.3318742
,"Avenida ANA COSTA, 364, Gonzaga, Santos, São Paulo",-23.963222,-46.3323295
,"Rua PORTO ALEGRE, 540, Rochdale, Osasco, São Paulo",-23.5119988,-46.779681
,"Avenida SAMUEL MARTINS, 1979, Jardim do Lago, Jundiaí, São Paulo",-23.2166175,-46.8633255
,"Avenida PROFESSOR CASTRO JUNIOR, 363, Vila Sabrina, São Paulo, São Paulo",-23.4957893,-46.5757236
,"Rua USHIMA KIRA, S/N, Granja Viana, Cotia, São Paulo",-23.5920398,-46.8348449
,"Rua ANTONIO JOAQUIM LEME, 2, Vila Prudente de Moraes, Itu, São Paulo",-23.285001,-47.2893848
,"Rua JOSE OLIVA MELO, 85, Centro, Biritiba-Mirim, São Paulo",-23.5731197,-46.0391715
,"Rua GASTAO DE SOUXA OLIVEIRA, 422, Quietude, Praia Grande, São Paulo",-24.00583,-46.40278
,"Praça DA INDEPENDENCIA, 218, Centro, Itu, São Paulo",-23.2657218,-47.2983342
,"Rua MUNIZ DE SOUZA, 918, Aclimação, São Paulo, São Paulo",-23.5708485,-46.627986
,"Rua das Rosas, 495, Mirandópolis, São Paulo, São Paulo",-23.6061623,-46.6415406
,"Rua DO CONHECIMENTO, 1233, Melvi, Praia Grande, São Paulo",-24.0347778,-46.5302849
,"Rua PADRE CICERO ROMAO BATISTA, 234, Parque Imperial, Barueri, São Paulo",-23.4886307,-46.8133445
,"Estrada MARIO FREITAS DA SILVA -MATO DENTRO S/N, 5, MATO DENTRO, Mairiporã, São Paulo",-23.2885142,-46.6311519
,"Rua AUGUSTO CARLOS BAUMAN, 980, Itaquera, São Paulo, São Paulo",-23.5354173,-46.4522131
,"Rua SAO MIGUEL DO TAPUIO, 49, Jardim Peri, São Paulo, São Paulo",-23.4536671,-46.6639692
,"Avenida CASSIANO RICARDO, 401, Pq. Residencial Aquarius, São José dos Campos, São Paulo",-23.2157301,-45.9094568
,"Avenida DOUTOR ADHEMAR DE BARROS, 563, JD.SAO DIMAS, São José dos Campos, São Paulo",-23.1953942,-45.8909157
,"Rua DOUTOR AALTINO ARANTES, 1014, JD GUADALUPE, Sorocaba, São Paulo",-23.50167,-47.45806
,"Rua SANTO ANTONIO, 569, Bela Vista, São Paulo, São Paulo",-23.5572224,-46.6481436
,"Avenida PASCHOAL SANTI, 957, Vilarejo, Cabreúva, São Paulo",-23.2755188,-47.0599521
,"Avenida SANTA MARINA, 2459, Vila Albertina, São Paulo, São Paulo",-23.5475,-46.63611
,"Avenida ADUTORA, 80, Jardim Nova Poá, Poá, São Paulo",-23.5533733,-46.3447391
,"Avenida ROSA BELMIRO RAMOS, 92, Ortizes, Valinhos, São Paulo",-22.9780597,-46.9888118
,"Estrada MUNICIPAL DA CAPELA, S/N, VISTA ALEGRE, Vinhedo, São Paulo",-23.02972,-46.97528
,"Avenida RINALDI, 1100, RES.CORACAO DE JESUS, Jaguariúna, São Paulo",-22.6761408,-46.9920567
,"Rua DR.ARTHUR MOREIRA DE ALMEIDA, 384, VILA SAO JOSE, Pedreira, São Paulo",-22.7476542,-46.8985023
,"Rua CYNIRA MARQUES CEZAR, 100, SAO JUDAS TADEU, Santo Antônio de Posse, São Paulo",-22.6073243,-46.9072778
,"Rua DAS GARDENIAS, 223, Parque Cecap, Valinhos, São Paulo",-22.949446,-46.9813763
,"Rua JOSE CARLOS FERRARI, 79, Residencial Santa Maria, Valinhos, São Paulo",-22.9428235,-46.9990431
,"Rua BARAO DE TATUI, 1368, JARDIM VERGUEIRO, Sorocaba, São Paulo",-23.50167,-47.45806
,"Rua LIBERO BADARO, 480, Centro, São Paulo, São Paulo",-21.2639265,-48.5110736
,"Rua HERCULANO RICARDO, 685, JD.APARECIDA, Sete Barras, São Paulo",-24.3821915,-47.9244964
,"Rua DO CRUZEIRO, 37, Centro, Tatuí, São Paulo",-23.3511059,-47.8440746
,"Estrada HENRIQUE ROSA, 670, FINCO (JD TUPA), São Bernardo do Campo, São Paulo",-23.69389,-46.565
,"Rua SANTA EROTILDES, 80, VILA DOS REMEDIOS, Osasco, São Paulo",-23.5205292,-46.7534175
,"Rua SANTA EROTILDES, 80, VILA DOS REMEDIOS, Osasco, São Paulo",-23.5205292,-46.7534175
,"Rua FERNANDO FONSECA KVINT, 40, Terra Preta, Mairiporã, São Paulo",-23.24389,-46.55222
,"Avenida DOM PEDRO II, 70, Jardim Imperial, Atibaia, São Paulo",-23.1458027,-46.5801947
,"Rua JUAN VICENTE, 42, Bandeiras, Osasco, São Paulo",-23.5597828,-46.8138944
,"Rua DOUTOR LUIZ MENDES DE ALMEIDA, 663, VILA ESPIRITO SANTO, Sorocaba, São Paulo",-23.50167,-47.45806
,"Avenida PEREIRA BARRETO, 42, PARAISO, Santo André, São Paulo",-23.6677389,-46.5334051
,"Avenida ANDROMEDA, 2811, Jardim Satelite, São José dos Campos, São Paulo",-23.219906,-45.8914207
,"Avenida DAS LETRAS, 659, LOT. VILLA BRANCA, Jacareí, São Paulo",-23.2639515,-45.9453678
,"Rua JOSE LUIZ FLAQUER, 291, EDEN, Sorocaba, São Paulo",-23.4175869,-47.4157972
,"Rua ALCANTARA, 805, Vila Maria, São Paulo, São Paulo",-23.5242819,-46.5901326
,"Rua DJALMA DUTRA, 266, Luz, São Paulo, São Paulo",-23.5337146,-46.6286686
,"Avenida DEPUTADO EMILIO CARLOS, 1129, Limão, São Paulo, São Paulo",-23.496022,-46.6772285
,"Avenida DOS IMIGRANTES, 2400, JARDIM AMERICA, Bragança Paulista, São Paulo",-22.9521237,-46.546414
,"Avenida JOSE BARBOSA DE SIQUEIRA, 1026, JARDIM PADROEIRA I, Osasco, São Paulo",-23.5490857,-46.8086203
,"Rua MUSSI JORGE ANTONIO, 314, JARDIM AMAZONAS, Suzano, São Paulo",-23.6483044,-46.3141634
,"Rua JOAO DE CAMARGO, 352, PQ RES NOVO MUNDO, Boituva, São Paulo",-23.2628736,-47.6716318
,"Rua FRANCISCO TOSCANO, 10, Parque das Rosas, Itu, São Paulo",-23.2798294,-47.298724
,"Rua MANOEL JOSE DE CARVALHO, 155, JARDIM SANTA GERTRUDES, Jundiaí, São Paulo",-23.2531631,-46.8549486
,"Rua carlos sthal, 18, Residencial Monte Verde, Indaiatuba, São Paulo",-23.1047535,-47.2338758
,"Avenida MAZZEI, 1160, Vila Mazzei, São Paulo, São Paulo",-23.4723641,-46.5997586
,"Rua DA PADROEIRA, 298, Centro, Jundiaí, São Paulo",-23.18639,-46.88417
,"Rua DUILIO, 636, Agua Branca, São Paulo, São Paulo",-23.5254777,-46.6931616
,"Rua FLORIANOPOLIS, 247, Vila Ribeiropolis, Registro, São Paulo",-24.4989854,-47.8452091
,"Rua COAPA, 109, JARDIM LEONOR, Cotia, São Paulo",-23.6100554,-46.9326524
,"Rua PARAPUA, 1729, Itaberaba, São Paulo, São Paulo",-21.9278104,-50.7385646
,"Rua JOSE MANOEL DE ALMEIDA, 669, Jd. Europa, Vargem Grande Paulista, São Paulo",-21.83222,-46.89361
,"Avenida NOSSA SENHORA DO CARMO, 2058, Carmo Messias, Ibiúna, São Paulo",-23.741308,-47.0546442
,"Estrada DA AGUA ESPRAIADA, 2713, CHAC.TROPICAL (CAUCAIA ALTO), Cotia, São Paulo",-23.60389,-46.91917
,"Rua VICENTE CELESTINO, 184, Parque Mirante da Mata, Cotia, São Paulo",-23.6176627,-46.9548532
,"Avenida PIETRO PETRI, 382, Terra Preta, Mairiporã, São Paulo",-23.2613941,-46.5886899
,"Rua JULIA LOPES DE ALMEIDA, 288, VILA PAULICEIA, São Paulo, São Paulo",-23.4883423,-46.6142367
,"Rua ROMEU DO NASCIMENTO, 235, JARDIM PORTAL DA COLINA, Sorocaba, São Paulo",-23.5187127,-47.4617229
,"Rua FRANCISCO DE PAULA RIBEIRO, 264, Estuario, Santos, São Paulo",-23.9687118,-46.3033049
,"Avenida OTTO BAUMGART, 27, Vila Guilherme, São Paulo, São Paulo",-23.511968,-46.6159879
,"Rua JOAO AMOS COMENIUS, 417, JARDIM SAO BERNARDO, São Paulo, São Paulo",-23.7576681,-46.704948
,"Avenida JOSE MACHADO ROSA, 384, ITATINGA, São Sebastião, São Paulo",-23.8103485,-45.4142886
,"Avenida CONSELHEIRO CARRAO, 1306, VILA CARRAO, São Paulo, São Paulo",-23.5430969,-46.5476141
,"Avenida PROFESSOR JOAO DE LORENZO, 526, JARDIM SAO JORGE, São Paulo, São Paulo",-23.596056,-46.782882
,"Rua ANTONIO FURQUIM, 220, JACARE, Cabreúva, São Paulo",-23.2460826,-47.0575519
,"Avenida TANCREDO NEVES, 1041, Cachoeira, Guarujá, São Paulo",-23.99306,-46.25639
,"Rua Prefeito Antonio Garrido, 252, Jordanesia, Cajamar, São Paulo",-23.3362606,-46.8392834
,"Rua DRONSFIELD, 47, Lapa, São Paulo, São Paulo",-23.5187703,-46.7053525
,"Avenida LUÍS STAMATIS, 431, Jaçanã, São Paulo, São Paulo",-23.4669058,-46.5811562
,"Avenida LUÍS STAMATIS, 431, Jaçanã, São Paulo, São Paulo",-23.4669058,-46.5811562
,"Avenida ANTONIO SEGRE, 504, Ponte de Campinas, Jundiaí, São Paulo",-23.1766107,-46.8982122
,"Avenida JARDIM JAPAO, 451, Jardim Brasil, São Paulo, São Paulo",-23.4861636,-46.5784059
,"Rua CACHOEIRA DOURADA, 130, Jardim Maria Estela, São Paulo, São Paulo",-23.5475,-46.63611
,"Rua Fenicia, 144, Parque Novo Oratório, Santo André, São Paulo",-23.6292226,-46.4987878
,"Rua LAZARA DE OLIVEIRA LEITE, 371, Demarchi, São Bernardo do Campo, São Paulo",-23.7284559,-46.5582636
,"Avenida PARADA PINTO, 2262, Vila Nova Cachoeirinha, São Paulo, São Paulo",-23.47337,-46.6669789
,"Avenida vereador jose donato, 1193, Vilarejo, Cabreúva, São Paulo",-23.275325,-47.0495177
,"Avenida casper libero, 954, Jardim Santa Cruz, Salto, São Paulo",-23.20083,-47.28694
,"Rua THEODORO MANTOANELLI, 52, Itaici, Indaiatuba, São Paulo",-23.1070653,-47.182188
,"Rua INDAIAS, DOS, 918, Santa Cruz, Indaiatuba, São Paulo",-23.08842,-47.2119
,"Rua EMILIA PIRES, 365, Centro, Embu-Guaçu, São Paulo",-23.8294539,-46.8169557
,"Avenida BRASILIA, 581, Campanário, Diadema, São Paulo",-23.6682373,-46.6185895
,"Rodovia PRESIDENTE CASTELO BRANCO KM 33, SN, Itaqui, Itapevi, São Paulo",-23.54889,-46.93417
,"Rodovia PRESIDENTE CASTELO BRANCO KM 33, SN, Itaqui, Itapevi, São Paulo",-23.54889,-46.93417
,"Avenida DONA GERTRUDES, 1127, ALVINOPOLIS, Atibaia, São Paulo",-23.1244356,-46.5647979
,"Estrada LUIZ MARSON, 381, Batistini, São Bernardo do Campo, São Paulo",-23.7485643,-46.5826605
,"Rua CAIUBI, 433, JARDIM PILAR, Santo André, São Paulo",-23.6844381,-46.5392872
,"Avenida WENCESLAU BRAZ, 640, VILA POPULAR, Itapetininga, São Paulo",-23.563419,-48.0152876
,"Avenida RINALDI, 549, JD SYLVIO RINALDI I, Jaguariúna, São Paulo",-22.6830969,-46.9918713
,"Avenida DOUTOR BERNARDINO DE CAMPOS, 446, Campo Grande, Santos, São Paulo",-23.9592884,-46.3381614
,"Rua BENEDITO EGIDIO BARBOSA, 176, BRASILANDIA, São Paulo, São Paulo",-23.4598445,-46.6986945
,"Rua AMADOR BUENO, 229, Santo Amaro, São Paulo, São Paulo",-23.6531847,-46.7102133
,"Rua MARTINHO DE CAMPOS, 433, Vila Anastacio, São Paulo, São Paulo",-23.515852,-46.7207453
,"Rua GUARICANGA, 321, Lapa, São Paulo, São Paulo",-23.5227167,-46.7104308
,"Rua CARDON, 831, Vila Progresso (Zona Leste), São Paulo, São Paulo",-23.5475,-46.63611
,"Rua LOUVEIRA, 541, JARDIM MARILENA, Guarulhos, São Paulo",-23.423113,-46.4937482
,"Rua NOVA YORK, 570, Brooklin Paulista, São Paulo, São Paulo",-23.5475,-46.63611
,"Avenida RODRIGUES MONTEMOR, 253, Americanópolis, São Paulo, São Paulo",-23.5475,-46.63611
,"Rua SILVIO LAZZARI, 31, Vila Gustavo, São Paulo, São Paulo",-23.4870492,-46.5990058
,"Rua DOM VILARES, 1700, Vila das Merces, São Paulo, São Paulo",-23.6252244,-46.611855
,"Rua Pio XI, 2360, Lapa, São Paulo, São Paulo",-23.5406793,-46.7169032
,"Avenida SANTA MONICA, 690, Jardim Santa Monica, São Paulo, São Paulo",-23.4762246,-46.7478914
,"Avenida SANTA MONICA, 690, Jardim Santa Monica, São Paulo, São Paulo",-23.4762246,-46.7478914
,"Rua ALENCAR ARARIPE, 1435, Sacoma, São Paulo, São Paulo",-23.6130408,-46.5972138
,"Rua ALVARO DO VALE, 412, Ipiranga, São Paulo, São Paulo",-23.6013383,-46.5935479
,"Rua BRASIL, 171, Atibaia Jardim, Atibaia, São Paulo",-23.1270049,-46.557701
,"Rua DAS BARREIRAS, 63, Camburi, São Sebastião, São Paulo",-23.7681278,-45.6544502
,"Rua DEPUTADO GOUVEIA FRANCO, 3, Parque Mandaqui, São Paulo, São Paulo",-23.5475,-46.63611
,"Rua CAV NAMI JAFET, 145, Centro, Guarujá, São Paulo",-23.99306,-46.25639
,"Rua MARCIA PIERRONI, 78, ITU NOVO CENTRO, Itu, São Paulo",-23.26417,-47.29917
,"Rua Do Retiro, 2235, Vila das Hortencias, Jundiaí, São Paulo",-23.1793859,-46.9074326
,"Rua BRILHANTE, 380, Jardim Mutinga, Osasco, São Paulo",-23.5051979,-46.7737941
,"Rua ALEXANDRE MARTINS, 125, Aparecida, Santos, São Paulo",-23.9747386,-46.3091598
,"Avenida DOUTOR MOURA RIBEIRO, 116, MARAPE, Santos, São Paulo",-23.9593718,-46.3480246
,"Rua PIO XII, 82, SABOO, Santos, São Paulo",-23.932779,-46.3468543
,"Rua DR LUCIO MALTA, 315, Centro, Jacareí, São Paulo",-23.3038095,-45.9691587
,"Avenida ASSEMBLEIA, 16, Jardim Miriam, São Paulo, São Paulo",-23.5475,-46.63611
,"Praça COMENDADOR NICOLAU SCARPA, 80, Centro, Sorocaba, São Paulo",-23.4980894,-47.4605758
,"Rua MUNICIPAL, 349, Centro, São Bernardo do Campo, São Paulo",-23.7112629,-46.5474498
,"Rua OTAVIO TARQUINIO DE SOUZA, 268, Aeroporto, São Paulo, São Paulo",-23.5475,-46.63611
,"Rua MANAUS, 395, Rochdale, Osasco, São Paulo",-23.5049491,-46.7769148
,"Rua BARCELONA, 414, Jaguaré, São Paulo, São Paulo",-23.5440225,-46.7487484
,"Rua OLAVO EGIDIO, 534, Santana, São Paulo, São Paulo",-23.5002484,-46.6204722
,"Rua Marilia, 60, Vila Hortolandia, Jundiaí, São Paulo",-23.169235,-46.909441
,"Avenida Dos Imigrantes Italianos, 1973, Colonia, Jundiaí, São Paulo",-23.1882135,-46.8563349
,"Rua MARANHAO, 256, Jacaré, Cabreúva, São Paulo",-23.2495822,-47.0561778
,"Avenida BERTIOGA, S/N, Vila Tupi, Várzea Paulista, São Paulo",-23.2269234,-46.8407433
,"Rua BOM JESUS DE PIRAPORA, 2881, Vila Rami, Jundiaí, São Paulo",-23.2162775,-46.8791364
,"Rua DEMERSON GOMES ROMANO, 386, Centro, Francisco Morato, São Paulo",-23.2868804,-46.7419955
,"Rua CORONEL NOGUEIRA PADILHA, 2112, VILA HORTENCIA, Sorocaba, São Paulo",-23.50167,-47.45806
,"Rua CORONEL NOGUEIRA PADILHA, 2112, VILA HORTENCIA, Sorocaba, São Paulo",-23.502317,-47.4507071
,"Avenida DOUTOR OLAVO GUIMARAES, 253, Vila Arens, Jundiaí, São Paulo",-23.1971918,-46.8745837
,"Rua DO RETIRO, 925, VILA VIRGINIA, Jundiaí, São Paulo",-23.1865399,-46.8985646
,"Avenida QUATORZE DE DEZEMBRO, 2333, Vila Mafalda, Jundiaí, São Paulo",-23.2096274,-46.87686
,"Rodovia VEREADOR GERALDO DIAS, S/N, PARQUE CENTENARIO, Jundiaí, São Paulo",-23.1372014,-46.9204443
,"Rua JOAO FERRARA, 233, Jd. Cica, Jundiaí, São Paulo",-23.2054072,-46.8829113
,"Avenida ANTÔNIO FREDERICO OZANAN, 6001, Vila Rio Branco, Jundiaí, São Paulo",-23.172492,-46.8916714
,"Rua HISASCHI NAGAOKA, 3595, Jardim São Vicente, Jundiaí, São Paulo",-23.1451635,-46.9157263
,"Avenida FERNAO DIAS PAES LEME, 2211, Centro, Várzea Paulista, São Paulo",-23.21139,-46.82833
,"Avenida AFONSO PENA, 622, Aparecida, Santos, São Paulo",-23.9715042,-46.3023726
,"Rua RIO BRANCO, 960, Centro, Registro, São Paulo",-24.498679,-47.8526184
,"Avenida VEREADOR JOSE DONATO, 1385, Vilarejo, Cabreúva, São Paulo",-23.275325,-47.0495177
,"Rua OSVALDO COCRANE, 60, Embaré, Santos, São Paulo",-23.96083,-46.33361
,"Avenida MOACIR DA SILVEIRA, 1035, Jardim Isaura, Santana de Parnaíba, São Paulo",-23.4798612,-46.8921049
,"Avenida PRESIDENTE JUSCELINO, 333, Piraporinha, Diadema, São Paulo",-23.6830194,-46.5922176
,"Avenida NOVE DE JULHO, 3333, ANHANGABAU, Jundiaí, São Paulo",-23.1994672,-46.8896937
,"Rua RAFAEL DIAS COSTA, 140, DONA CATARINA, São Roque, São Paulo",-23.4214027,-47.1647888
,"Avenida Amador Bueno da Veiga, 3025, Penha, São Paulo, São Paulo",-23.5218536,-46.5170071
,"Avenida DRº EPITACIO PESSOA, 241, Embaré, Santos, São Paulo",-23.96083,-46.33361
,"Rua CAPRICORNIO, 667, Parque Santana, Santana de Parnaíba, São Paulo",-23.4773074,-46.8937742
,"Rua ANDARAI, 630, Vila Maria, São Paulo, São Paulo",-23.5226024,-46.5900265
,"Rua ALMEIDA TORRES, 428, ACLIMACAO, São Paulo, São Paulo",-23.569768,-46.6262303
,"Rua BARAO DE LADARIO, 312, BRAS, São Paulo, São Paulo",-23.5393113,-46.6190086
,"Rua TAPAJÓS, 80, Centro, São Bernardo do Campo, São Paulo",-23.6991131,-46.5502833
,"Rua CLAUDIO MANOEL DA COSTA, 43, Parque Imperial, Barueri, São Paulo",-23.4831217,-46.8053765
,"Rua ITAPEVA, 142, Bela Vista, São Paulo, São Paulo",-23.5582442,-46.6508379
,"Avenida EID MANSUR, 18, Parque São George, Cotia, São Paulo",-23.5959976,-46.8511558
,"Rua Minas Gerais, 300, Vila Boa Vista, Barueri, São Paulo",-23.5011283,-46.8754334
,"Avenida DIEDERICHSEN, 1277, Vila Guarani, São Paulo, São Paulo",-23.6332458,-46.6371398
,"Avenida DIEDERICHSEN, 1277, Vila Guarani, São Paulo, São Paulo",-23.6332458,-46.6371398
,"Rua AGOSTINHO DE PAIVA, 529, C REDONDO, São Paulo, São Paulo",-23.6520726,-46.789662
,"Rua QUARTO, 119, Jardim dos Prados, Peruíbe, São Paulo",-24.32,-46.99833
,"Alameda COLIBRI, 64, MORADA DOS PASSAROS, Barueri, São Paulo",-23.4953736,-46.9513761
,"Avenida COMENDADOR DANTE CARRARO, 576, Cidade Ariston Estela Azevedo, Carapicuíba, São Paulo",-23.5340401,-46.8534601
,"Rua CORONEL NOGUEIRA PADILHA, 1273, VILA HORTENCIA, Sorocaba, São Paulo",-23.502317,-47.4507071
,"Rua Lagoa Seca, 660, Jardim Triunfo, Guarulhos, São Paulo",-23.41433,-46.4037699
,"Rua DO RETIRO, 2173, VILA VIOTTO, Jundiaí, São Paulo",-23.1827765,-46.9008306
,"Avenida GISELE CONSTANTINO, 1870, PARQUE BELA VISTA, Votorantim, São Paulo",-23.5377965,-47.4660261
,"Avenida Satelite, 559 A, Cidade Satelite (São Mateus), São Paulo, São Paulo",-23.60583,-46.47889
,"Rua CARNOT, 388, Pari, São Paulo, São Paulo",-23.5314722,-46.622215
,"Rua BENEDITO ARAUJO NOVAES, 552, Jardim Paulista, Itapevi, São Paulo",-23.5566502,-46.9401478
,"Avenida IGUATEMI, 777, Vila Brandina, Campinas, São Paulo",-22.8924024,-47.0272094
,"Avenida CASSIOPEIA, 591, Jardim Satelite, São José dos Campos, São Paulo",-23.2298571,-45.8861203
,"Avenida CASSIOPEIA, 591, Jardim Satelite, São José dos Campos, São Paulo",-23.2298571,-45.8861203
,"Avenida FLORA, 829, Jardim Jaguaribe, Osasco, São Paulo",-23.5613402,-46.79033
,"Rua JULIO RIBEIRO, 243, BRAS, São Paulo, São Paulo",-23.5372628,-46.6197338
,"Rua Barretos, 251, Mooca, São Paulo, São Paulo",-23.5631412,-46.5851009
,"Praça NOSSA SENHORA APARECIDA, 275, JARDIM VILA GALVAO, Guarulhos, São Paulo",-23.4661663,-46.5594452
,"Avenida MAZZEI, 1209, Vila Mazzei, São Paulo, São Paulo",-23.4719455,-46.5994511
,"Rua ATLANTICA, 230, Jardim do Mar, São Bernardo do Campo, São Paulo",-23.6910052,-46.5552196
,"Rua SAO LUCAS EVANGELISTA, 236, JARDIM CIBELE, Carapicuíba, São Paulo",-23.52272,-46.835
,"Rua LUIZ DE VASCONCELOS, 127, JARDIM MARILEN, Diadema, São Paulo",-23.68611,-46.62278
,"Rua MARECHAL DEODORO DA FONSECA, 240, Centro, Cabreúva, São Paulo",-23.3069129,-47.1334429
,"Rua VOTORANTIM, 311, Barcelona, São Caetano do Sul, São Paulo",-23.6191958,-46.5520096
,"Rua CORRIENTES, 14, Lapa, São Paulo, São Paulo",-23.5220098,-46.7114385
,"Rua GERALDO DE ARAUJO SANTOS, 87, Jd.Beatriz, Taboão da Serra, São Paulo",-23.6197473,-46.7716109
,"Avenida DO CAFÉ, 156, Vila Guarani, São Paulo, São Paulo",-23.635652,-46.6399683
,"Rua CONEGO VALADAO, 1143, GOPOUVA, Guarulhos, São Paulo",-23.4737032,-46.5448854
,"Rua ANGELO AIROLDI, 167, JARDIM CENTENARIO, Jandira, São Paulo",-23.5275,-46.9025
,"Avenida SÃO JOSE DOS CAMPOS, 262, Centro, Paraibuna, São Paulo",-23.3831094,-45.6650429
,"Avenida SÃO JOSE DOS CAMPOS, 262, Centro, Paraibuna, São Paulo",-23.3749853,-45.6682787
,"Avenida DOUTOR JANUARIO MIRAGLIA, 608, Vila Jaguaribe, Campos do Jordão, São Paulo",-22.7437125,-45.5964598
,"Avenida ELISEO CORDEIRO DE SIQUEIRA, 961/963, Jardim Santo Elias, São Paulo, São Paulo",-7.76667,-72.6
,"Rua GUERINO FURLAN, 366, COLINAS DE SAO JOSE, Louveira, São Paulo",-23.100585,-46.9781594
,"Rua Miguel  Rodrigues, 112, Vila Beatriz, São Paulo, São Paulo",-23.5495916,-46.6980264
,"Rua CONDE PRATES, 111, Mooca, São Paulo, São Paulo",-23.5664331,-46.5979351
,"Rua MANAIAS, 245, Vila Zelina, São Paulo, São Paulo",-23.5893222,-46.5760476
,"Rua JOSE ZAPPI, 57, Vila Prudente, São Paulo, São Paulo",-23.5806907,-46.5855316
,"Rua AZEVEDO SOARES, 2700, Vila Gomes Cardim, São Paulo, São Paulo",-23.5489666,-46.5668379
,"Rua Antonio Camardo, 700, Tatuapé, São Paulo, São Paulo",-23.5489677,-46.5607487
,"Avenida PROFESSOR FRANCISCO MORATO, 3030, BUTANTA, São Paulo, São Paulo",-23.5725279,-46.7043904
,"Rua CONSELHEIRO MOREIRA DE BARROS, 240, Santana, São Paulo, São Paulo",-23.4965576,-46.6280895
,"Rua DOMINGOS DE MORAIS, 1999, Vila Mariana, São Paulo, São Paulo",-23.593603,-46.6360456
,"Rua SIQUEIRA CAMPOS, 1923, Centro, Pirassununga, São Paulo",-21.99611,-47.42583
,"Rua RAFAEL DE BARROS, 778, Centro, Leme, São Paulo",-22.1852455,-47.3901636
,"Rua PRESIDENTE PRUDENTE, 101, Cidade Jardim, Limeira, São Paulo",-22.56472,-47.40167
,"Rua NANCY CARLOTA NETTO, 501, Parque Residencial Eloy Chaves, Jundiaí, São Paulo",-23.1805427,-46.96373
,"Rua RUA JUNDIAI, 380, JARDIM PRIMAVERA, Itupeva, São Paulo",-23.1548565,-47.0544653
,"Avenida BENEDITO STORANI, 347, Centro, Vinhedo, São Paulo",-23.0270563,-46.9783376
,"Avenida JOAQUIM LOPES AGUILLA, 2420, BARRA FUNDA, Leme, São Paulo",-22.18556,-47.39028
,"Avenida FUNDIBEM, S/N, Jardim Casa Grande, Diadema, São Paulo",-23.7035411,-46.5949433
,"Avenida OCTAVIO AUGUSTO RANGEL, 478, JARDIM TOLEDO, Votorantim, São Paulo",-23.5277176,-47.4401594
,"Rua Teodoro Sampaio, 473, Pinheiros, São Paulo, São Paulo",-23.5562987,-46.6752444
,"Rua JOAQUIM FLORIANO, 254, Itaim Bibi, São Paulo, São Paulo",-23.5838463,-46.672325
,"Rua 15 DE NOVEMBRO, 735, Centro, Pedreira, São Paulo",-23.4917837,-46.3435262
,"Avenida FERNANDO COSTA, 2143, Parafuso, Cajati, São Paulo",-24.7297701,-48.135602
,"Rua Nestor Pestana, 40, Consolação, São Paulo, São Paulo",-23.55242,-46.65735
,"Avenida ANDRE LUIS, 723, PICANCO, Guarulhos, São Paulo",-23.4390401,-46.5454237
,"Avenida CACHOEIRA, 125, Vl. Pindorama, Barueri, São Paulo",-23.4903445,-46.8786169
,"Avenida ITAQUERA, 6735, CIDADE LIDER, São Paulo, São Paulo",-23.5512633,-46.4784903
,"Avenida RAGUEB CHOHFI, 7001, JARDIM TRES MARIAS, São Paulo, São Paulo",-23.5475,-46.63611
,"Avenida Independencia, 1136, Rocio, Cananéia, São Paulo",-25.0069457,-47.9313292
,"Avenida Yojiro Takaoka, 4492, Alphaville, Santana de Parnaíba, São Paulo",-23.474602,-46.8636024
,"Rua JOSE DO CARMO LEITE, 104, Centro, Caieiras, São Paulo",-23.36417,-46.74056
,"Avenida JOAO PAULO ABLAS, 45, Jardim da Glória, Cotia, São Paulo",-23.5977232,-46.8415226
,"Avenida BENTO FIGUEREDO, 275, Vila Marlene, Jundiaí, São Paulo",-23.18639,-46.88417
,"Rua DOMENICO FERRARA, 32, Jaraguá, São Paulo, São Paulo",-23.4516587,-46.7458602
,"Rua CAPITÃO MOR PASSOS, 228, Pari, São Paulo, São Paulo",-23.527587,-46.6153585
,"Avenida MILTON DA ROCHA, 291, Vila Sabrina, São Paulo, São Paulo",-23.489062,-46.5744038
,"Rua UBIRAJARA, 274, Vila Gabriel, Sorocaba, São Paulo",-23.50167,-47.45806
,"Rua ALIANÇA LIBERAL, 322, Vila Leopoldina, São Paulo, São Paulo",-23.5222368,-46.7253714
,"Rua DEPUTADO LACERDA FRANCO, 553, Pinheiros, São Paulo, São Paulo",-23.5606538,-46.6928092
,"Rua SERRA DE BOTUCATU, 1703, Tatuapé, São Paulo, São Paulo",-23.5409791,-46.5552198
,"Avenida VEREADOR JOSÉ DINIZ, 2329, Brooklin Paulista, São Paulo, São Paulo",-23.5475,-46.63611
,"Avenida GIOVANNI GRONCHI, 2799, Morumbi, São Paulo, São Paulo",-23.5958042,-46.7142289
,"Rua CANARIO, 390, INDIANOPOLIS, São Paulo, São Paulo",-23.5996044,-46.6653552
,"Rua TURIASSU, 1205, Perdizes, São Paulo, São Paulo",-23.5315747,-46.6746778
,"Avenida ANGELICA, 526, SANTA CECILIA, São Paulo, São Paulo",-23.5374825,-46.654665
,"Avenida YOJIRO TAKAOKA, 4630, ALPHAVILLE - CENTRO DE APOIO I, Santana de Parnaíba, São Paulo",-0.05833,-51.18167
,"Rua VOLUNTARIOS DA PATRIA, S/N, Santana, São Paulo, São Paulo",-23.4944879,-46.6263702
,"Avenida REBOUCAS, 1001, CERQUEIRA CESAR, São Paulo, São Paulo",-23.5603809,-46.6713758
,"Rua MARTIM FRANCISCO, 753, Vila Buarque, São Paulo, São Paulo",-23.5475,-46.63611
,"Avenida LAURITA ORTEGA MARI, 1973, Pq. Pinheiros, Taboão da Serra, São Paulo",-23.6170526,-46.7797644
,"Rua JOAO RIBEIRO DE BARROS, 1411, VILA ODIM ANTAO, Sorocaba, São Paulo",-23.4707582,-47.4550598
,"Avenida RICARDO BASSOLI CEZARE, 1567, Jardim das Bandeiras, Campinas, São Paulo",-22.9495493,-47.0928675
,"Via DE ACESSO ROD.JOAO BAT.FURQUIM, 180, RODEIO, São Bento do Sapucaí, São Paulo",-22.68889,-45.73083
,"Rua Martim Francisco, 723, Santa Cecília, São Paulo, São Paulo",-23.5429535,-46.6545662
,"Praça DA INDEPENDENCIA, 31, Centro, Itu, São Paulo",-23.2646325,-47.2972233
,"Rua Baltazar Borges (Jd Lavínia), 15, Assunção, São Bernardo do Campo, São Paulo",-23.69389,-46.565
,"Rua AMARO J ANDRADE, 428, JD.MARIA PAULINA, Boituva, São Paulo",-23.28333,-47.67222
,"Praça DICRAN ECHREFIAN, 12, Presidente Altino, Osasco, São Paulo",-23.5325,-46.79167
,"Rua DOUTOR ALBERTO GALLO, 226, CIDADE UNIVERSITARIA II, Campinas, São Paulo",-22.90556,-47.06083
,"Rua GUARAITA, 6, SAO MIGUEL PAULISTA, São Paulo, São Paulo",-23.493,-46.43646
,"Rua CARLOS MAGALHAES, 283, Vila Andrade, São Paulo, São Paulo",-23.21725,-46.00151
,"Avenida dos Autonomistas, 451, Vl.Yara, Osasco, São Paulo",-23.5267853,-46.7961639
,"Rua ANDRELINO JOSE PEDROSO, 181, Cerrado, Sorocaba, São Paulo",-23.50167,-47.45806
,"Rua SECUNDINO DOMINGUES, 70, Vila Prudente, São Paulo, São Paulo",-23.58845,-46.5798
,"Rua PASSARO PRETO, 759, VILA PAULISTANIA, São Paulo, São Paulo",-23.6422001,-45.4375369
,"Avenida VASCO MASSAFELI, 1010, JARDIM MARIA TEREZA, Cotia, São Paulo",-23.60389,-46.91917
,"Avenida IVO MARIO ISAAC PIRES, 10/1,  Das Pedras, Cotia, São Paulo",-23.6277066,-46.9854168
,"Rua Rosalvo José da Silva, 23-B, Jardim Carumbé, São Paulo, São Paulo",-22.0,-49.0
,"Avenida CAPITÃO JULIO FRANCO, 390, Rocio, Iguape, São Paulo",-24.70806,-47.55528
,"Rua DR EMILIO MARTINS RIBEIRO, 141, Centro, Miracatu, São Paulo",-24.28139,-47.45972
,"Avenida SABURO AKAMINE, 1125, JARDIM MATHEUS MANIERO, Rio Claro, São Paulo",-22.3980124,-47.5936443
,"Rua PRESIDENTE ARTHUR DA COSTA E SILVA, 453, Parque São Vicente, Mauá, São Paulo",-22.7321,-43.36924
,"Avenida ALFREDO ANDRÉ, 905, Jardim Brasil, Atibaia, São Paulo",-23.11694,-46.55028
,"Rua JEQUIRITUBA, 2350, JARDIM CASTRO ALVES, São Paulo, São Paulo",-23.6879,-47.6693
,"Rua THOMAZ ANTONIO VILLANI, 205, Vila Santa Maria, São Paulo, São Paulo",-23.00263,-49.89123
,"Rua Aparecida do Taboado, 208, Jardim Paulistano, São Paulo, São Paulo",-23.5475,-46.63611
,"Rua PAES DE LINHARES, 311, Vila Fiori, Sorocaba, São Paulo",-23.50167,-47.45806
,"Estrada DOM JOAO NERI, 2416, Jardim Bartira, São Paulo, São Paulo",-23.5475,-46.63611
,"Rua SILVIO BENVEGNU, 104, SANTO ANONIO, Louveira, São Paulo",-23.0890985,-46.975001
,"Avenida DOUTOR JOAO BATISTA SOARES DE QUEIROZ JU, 398, JARDIM DAS INDUSTRIAS, São José dos Campos, São Paulo",-21.48028,-56.13806
,"Rua JOAQUIM SEVERINO ALVES, 48, Vila Menk, Osasco, São Paulo",-23.4989217,-46.7711929
,"Estrada DOM JOAO NERI, 2411, Jardim Bartira, São Paulo, São Paulo",-23.5475,-46.63611
,"Rua EUGENIO BOSSER, 18, Jardim Sapopemba, São Paulo, São Paulo",-23.59556,-46.52472
,"Rua ALEXANDRINA MATHIAS DE OLIVEIRA, 77, PARQUE DAS HORTENSIAS, Itupeva, São Paulo",-23.15306,-47.05778
,"Rua NICOLA FELICE, 36, PARQUE PARAISO, Itapecerica da Serra, São Paulo",-23.71694,-46.84917
,"Rua SALUSTINO GREGORIANO LEITE, 142, VILA FLORINDO, Juquiá, São Paulo",-24.32083,-47.63472
,"Rua JOSEFA ALVES SIQUEIRA, 5891, JARDIM ANHANGUERA, Praia Grande, São Paulo",-24.00583,-46.40278
,"Rua GUILHERME RAPOSO DE ALMEIDA, 373, CIDADE NAUTICA, São Vicente, São Paulo",-23.96306,-46.39194
,"Avenida MARTINS FONTES, 1101, Vila Nova, Cubatão, São Paulo",-23.895,-46.42528
,"Avenida APROVADA 294, 775, Boraceia, Bertioga, São Paulo",-23.85444,-46.13861
,"Avenida DOS CAICARAS, 1682, Jardim Las Palmas, Guarujá, São Paulo",-23.9999291,-46.273905
,"Rua CHILE, 250, Jd.Cardoso de Freitas, Cajati, São Paulo",-24.7204053,-48.0979843
,"Avenida MIRO ATILIO PEDUZZI (4 A DIVISAO), 412, TANQUE CAIO, Ribeirão Pires, São Paulo",-23.6498005,-46.3663212
,"Avenida GENERAL PENHA BRASIL, 1304, Vila Nova Cachoeirinha, São Paulo, São Paulo",-23.48442,-46.6586
,"Rodovia DOM PEDRO I - SP 065, S/N, Centro, Jarinu, São Paulo",-23.10139,-46.72833
,"Rua IOLANDA LATORRE CASCALDI, 40, LOTEAMENTO PARQUE DOS CANARIOS, Itatiba, São Paulo",-23.00583,-46.83889
,"Praça ANDRE NUNES, 80, Vila das Merces, São Paulo, São Paulo",-23.6307077,-46.6045437
,"Rua LUZIA EUFROZINA SOARES VALVERDE, 18, Jardim Novo Mundo, Sorocaba, São Paulo",-23.50167,-47.45806
,"Rua ORLANDIA, 47, Parque Luiza, Embu das Artes, São Paulo",-23.64889,-46.85222
,"Estrada GUAVIRUTUBA, 1199, VILA BOM JARDIM, São Paulo, São Paulo",-24.18333,-47.61667
,"Estrada FAZENDINHA, 281, POUSADA DOS BANDEIRANTES, Carapicuíba, São Paulo",-23.52272,-46.835
,"Rua JACI, 60, JD DO LAGO, Atibaia, São Paulo",-23.11694,-46.55028
,"Rua SANTOS DUMONT, 205, Estuario, Santos, São Paulo",-23.96083,-46.33361
,"Rua Lisa Ansorge, 27, Prque São Lucas, São Paulo, São Paulo",-23.6038195,-46.5381379
,"Rua REMULO ZOPPI, 505, VILA GEORGINA I, Indaiatuba, São Paulo",-23.0785522,-47.2069032
,"Rua MARECHAL ARGOLO FERRAO, 413, Vila Sabrina, São Paulo, São Paulo",-23.48663,-46.56651
,"Rua PROFESSORA NINA STOCCO, 845, Jardim Catanduva, São Paulo, São Paulo",-23.635819,-46.7592408
,"Avenida Itaquera, 2226, V.S.Maria, São Paulo, São Paulo",-23.5542277,-46.4832701
,"Rua PARAGUACU, 544, PERDRIZES, São Paulo, São Paulo",-23.5338774,-46.6672178
,"Rua ODAIR MULLER DE AZEVEDO MARQUES, 141, Vila Margarida, São Vicente, São Paulo",-23.96306,-46.39194
,"Avenida ATALAIA DO NORTE, 527, JARDIM CUMBICA (JARDIM PRESIDE, Guarulhos, São Paulo",-23.4532507,-46.4388941
,"Rua PEDRO GUTIERREZ, 228, Jd.Primavera, Várzea Paulista, São Paulo",-23.2104667,-46.8400222
,"Rua NOSSA SENHORA APARECIDA, 31, Vila das Malvinas, Guarulhos, São Paulo",-23.4595654,-46.5081069
,"Rua Padre Leonardo, 419, Aeroporto, São Paulo, São Paulo",-23.5475,-46.63611
,"Rua TREZE DE MAIO, 1050, Vila Olivo, Valinhos, São Paulo",-22.9703943,-46.9959798
,"Rua MARIA JOSÉ RODRIGUES, 90, Jd.Santa Lucia, Campo Limpo Paulista, São Paulo",-23.2104628,-46.7946342
,"Avenida AYRTON SENNA DA SILVA, 450, VILA JAQUITIBAS, Campinas, São Paulo",-22.90556,-47.06083
,"Avenida Eng.Soares de Camargo, 349, Jardim Hercilia, São Paulo, São Paulo",-23.5399002,-46.5029158
,"Avenida ONZE DE JUNHO, 1049, Vila Clementino, São Paulo, São Paulo",-23.5475,-46.63611
,"Rua A ESQUINA COM ALAMEDA ALICE, 127, Jardim Convenção, Itu, São Paulo",-23.26417,-47.29917
,"Avenida ALTO BENI, 345, Vila Cosmopolita, São Paulo, São Paulo",-23.5475,-46.63611
,"Rua RODRIGO FERNANDES, LT 21, JD. SANTA PAULA, Guarulhos, São Paulo",-23.46278,-46.53333
,"Avenida JABAQUARA, 2592, Planalto Paulista, São Paulo, São Paulo",-23.5475,-46.63611
,"Rua DOUTOR JOSE HIGINO, 111, VILA ORATORIO, São Paulo, São Paulo",-23.5686126,-46.5793677
,"Rua ITORORÓ, 74, Jd. Paulista, São José dos Campos, São Paulo",-23.17944,-45.88694
,"Rua DAS HERAS, 470, Vila Lucia, São Paulo, São Paulo",-23.5475,-46.63611
,"Avenida ANTONIO JOAQUIM MENDES, 471, Centro, Pirassununga, São Paulo",-21.99611,-47.42583
,"Avenida NAGIB FARAH MALUF, 100, Conj.Jose Bonifacio/Cohab II, São Paulo, São Paulo",-23.5386385,-46.4308871
,"Rua ITAJUIBE, 1168, Jd. Nelia, São Paulo, São Paulo",-23.4331119,-46.4277298
,"Alameda RIO NEGRO, 1456, Alphaville Industrial, Barueri, São Paulo",-23.51056,-46.87611
,"Rua SANTA CRUZ (JD.SANTA ROSA), 500, SANTA ROSA, Vinhedo, São Paulo",-23.02972,-46.97528
,"Avenida TUCUNARE, 80, TAMBORE, Barueri, São Paulo",-23.51056,-46.87611
,"Avenida DOS LATINOS, 738, JARDIM SANTA TERESINHA, São Paulo, São Paulo",-23.5728247,-46.4987755
,"Avenida DOUTOR ERMILINDO MAFFEI, 1199, SAO LUIZ, Itu, São Paulo",-23.26417,-47.29917
,"Rua SEBASTIAO GREGORINI, 36, Centro, Juquitiba, São Paulo",-23.93167,-47.06833
,"Avenida Caraita, 194, Centro, Eldorado, São Paulo",-24.52,-48.10806
,"Rua JOAO MARIANO FERREIRA, 164, Centro, Itanhaém, São Paulo",-24.18306,-46.78889
,"Rua DAS PALMEIRAS, 278, Vila Buarque, São Paulo, São Paulo",-23.5475,-46.63611
,"Rodovia MARIO TONOLI, 177, EST.HIDRO MINERAL SANTA ELIZA, Itupeva, São Paulo",-23.15306,-47.05778
,"Rua ARARITAGUABA, 35, Vila Maria Alta, São Paulo, São Paulo",-23.5139012,-46.583372
,"Rua BENEDITO PEREIRA GOULART, 282, Centro, São Bento do Sapucaí, São Paulo",-22.68889,-45.73083
,"Rua PARAPUA, 832, Itaberaba, São Paulo, São Paulo",-23.5475,-46.63611
,"Avenida ANTONIO PINCINATO, 21, Recanto Quarto Centenario, Jundiaí, São Paulo",-23.1838238,-46.9281076
,"Avenida FIORELLI PECCICACCO, 323, Vila Fanton, São Paulo, São Paulo",-23.4047725,-46.7411747
,"Estrada Da Ligação, 281, Jd.Monte Verde, São Paulo, São Paulo",-23.5475,-46.63611
,"Rua GERONIMO BARBOSA DA SILVA, 1624, JARDIM NAZARETH, São Paulo, São Paulo",-23.18111,-46.395
,"Avenida PADRE ANTÔNIO JOSÉ DOS SANTOS, 296, Cidade Monções, São Paulo, São Paulo",-20.85028,-50.09167
,"Rua ERCILIA MARTINS CRUZ, 207, Vila Nova Louveira, Louveira, São Paulo",-23.08639,-46.95056
,"Rua JAPÃO, 37, Jd.Imperial, Atibaia, São Paulo",-23.11694,-46.55028
,"Rua ESMAEL FRANCISCO DOS SANTOS, 190, Caraguava, Peruíbe, São Paulo",-24.32,-46.99833
,"Avenida EULINA, 145, Jardim Primavera, São Paulo, São Paulo",-23.1825,-46.5775
,"Rua MARINA, 1081, Centro, Mongaguá, São Paulo",-24.09306,-46.62083
,"Avenida VEREADOR ALVARO GUIMARAES, 148, Radio Clube, Santos, São Paulo",-23.96083,-46.33361
,"Avenida JOAQUIM JORGE PERALTA, 166, PARQUE SAO LUIS, Cubatão, São Paulo",-23.895,-46.42528
,"Rua PROFESSOR JOSE AZEVEDO MINHOTO, 378, VILA QUITAUNA (KM18), Osasco, São Paulo",-23.5298717,-46.7942864
,"Rua HOLANDESA, 150, CIDADE JARDIM CUMBICA (JARDIM, Guarulhos, São Paulo",-23.46278,-46.53333
,"Rua THOMAZ JASSO, 480, JD.DONA IRMA, Jaguariúna, São Paulo",-22.70556,-46.98583
,"Rua ANGELO ALBERTO NESTI, 216, JARDIM HELENA, Osasco, São Paulo",-23.5325,-46.79167
,"Rodovia AYRTON SENNA DA SILVA, SN, JARDIM MARIA ELIZA, Itaquaquecetuba, São Paulo",-23.48611,-46.34833
,"Rua OFELIA ALVES FERREIRA, 60, JARDIM YAYA, Carapicuíba, São Paulo",-23.5564628,-46.8342566
,"Avenida FRANCISCO DE ALMEIDA, 208, POUSO ALEGRE, Piracaia, São Paulo",-23.0492139,-46.343872
,"Avenida PERUIBE, 31, BALNEARIO SAO JOAO BATISTA 2, Peruíbe, São Paulo",-24.2999496,-46.9892214
,"Rua BR DE LADARIO, 670, BRAZ, São Paulo, São Paulo",-23.55,-46.61667
,"Rodovia PRESIDENTE CASTELO BRANCO KM 33, SN, Itaqui, Itapevi, São Paulo",-23.54889,-46.93417
,"Estrada FAZENDA SAO JOAQUIM, 29, Vila Ota, Rio Grande da Serra, São Paulo",-23.747989,-46.3746945
,"Avenida QUARENTENARIO, 310, JARDIM IRMA DOLORES, São Vicente, São Paulo",-23.96306,-46.39194
,"Rua TITO OLIANI, 1010, SAO JOAO CLIMARO, São Paulo, São Paulo",-23.5475,-46.63611
,"Rua DR. VICENTE DE CARVALHO, 120, ocian, Praia Grande, São Paulo",-24.00583,-46.40278
,"Avenida OSMUNDO DOS SANTOS PELLEGRINI, 1000, Recanto Quarto Centenario, Jundiaí, São Paulo",-23.1837581,-46.9154477
,"Rua ROMEU SECKLER MACHADO, 105, Parque Eloy Chaves, Jundiaí, São Paulo",-23.18639,-46.88417
,"Avenida SANTANA, 2813, NOVA GARDENIA, Atibaia, São Paulo",-23.11694,-46.55028
,"Rua MARIA CANDIDA TEIXEIRA LACERDA, 615, Vila Veloso, Carapicuíba, São Paulo",-23.52272,-46.835
,"Rua NICARAGUA, 307, N EUROPA, Campinas, São Paulo",-22.932135,-47.0672406
,"Rodovia FERNAO DIAS KM 41,50, S/N, JARDIM DO ALVINOPOLIS, Atibaia, São Paulo",-23.11694,-46.55028
,"Estrada CAMPO LIMPO, DO, 6433, Pirajussara, São Paulo, São Paulo",-23.5475,-46.63611
,"Estrada MUNICIPAL MARIA DA CONCEICAO BAPTISTA, 35, CACHOEIRA BAIXO, Piracaia, São Paulo",-23.060736,-46.3671408
,"Avenida RAIMUNDO PEREIRA DE MAGALHAES, 1600, JD.IRIS, São Paulo, São Paulo",-23.5059366,-46.7161322
,"Avenida MARIA THEREZA S. DE BARROS CAMARGO, 1525, JARDIM SANTO ANDRE, Limeira, São Paulo",-23.66389,-46.53833
,"Avenida PROF. FCO . MORATO, 946, V Sonia, São Paulo, São Paulo",-23.5475,-46.63611
,"Estrada CEL.JOSE GLADIADOR, 22, Jardim Canaã, São Paulo, São Paulo",-21.76806,-50.77167
,"Rodovia RAPOSO TAVARES, S/N, Centro, Votorantim, São Paulo",-23.54667,-47.43778
,"Rua PROF. OTAVIO ROCHA, 151, Jardim Triunfo, Pedreira, São Paulo",-22.74194,-46.90139
,"Avenida CARLOS LACERDA, 2170, Pirajussara, São Paulo, São Paulo",-23.5475,-46.63611
,"Rua DR.LUIZ MENDES DE ALMEIDA, 527, Largo do Divino, Sorocaba, São Paulo",-23.50167,-47.45806
,"Avenida Lico Maia, 552, Cerraria, Diadema, São Paulo",-23.6992148,-46.6104069
,"Rua MAESTRO EZEQUIAS NARDY, 39, Jd. Padre Bento, Itu, São Paulo",-23.26417,-47.29917
,"Rua vereador Aecio Gauglitz, 261, Vila Palmira, Pariquera-Açu, São Paulo",-24.7156367,-47.8735194
,"Avenida São Paulo, 88, Chácara Gaivota, São Paulo, São Paulo",-23.2195694,-47.9448753
,"Avenida 68, 356, JD CIDADE AZUL, Rio Claro, São Paulo",-22.3869334,-47.5792418
,"Avenida PADRE ANCHIETA, 1821, Stella Maris, Peruíbe, São Paulo",-24.32,-46.99833
,"Rua ROSEIRA, 35, PARQUE RECANTO MONICA, Mogi das Cruzes, São Paulo",-23.52278,-46.18833
,"Rua MANICOBA, 880, Jardim Umarizal, São Paulo, São Paulo",-23.5475,-46.63611
,"Estrada MUNICIPAL DO CAPUTERA, 333, RESSACA, Cotia, São Paulo",-23.60389,-46.91917
,"Avenida NACOES, DAS, 1600, PARQUE NOVO ORATORIO, Santo André, São Paulo",-23.6408129,-46.4989662
,"Rua ANTONIO BARACAL, 561, MORRINHOS I, Guarujá, São Paulo",-23.9611553,-46.2525505
,"Avenida ANTONELO DA MESSINA, 1213, Sítio do Piqueri, São Paulo, São Paulo",-23.4555826,-46.5899705
,"Rua DOS FUNDADORES, 463, PRAIA DO SONHO, Itanhaém, São Paulo",-24.18306,-46.78889
,"Rua SERIEMAS, DAS, 550, VILA MATHIESEN, Americana, São Paulo",-22.7679745,-47.3267778
,"Avenida NASCER DO SOL, 658, CONJUNTO HABITACIONAL SANTA ET, São Paulo, São Paulo",-22.0,-49.0
,"Avenida DAS LETRAS, 659, LOT. VILLA BRANCA, Jacareí, São Paulo",-23.2639515,-45.9453678
,"Rua INDIARA, 375, JD.ANA MARIA, Cajati, São Paulo",-24.7404227,-48.121226
,"Rua SAO JUDAS TADEU, S/N, CAPOAVINHA, Mairiporã, São Paulo",-23.31861,-46.58667
,"Avenida ROLAND GARROS, 1765, Jd.Brasil, São Paulo, São Paulo",-23.4756552,-46.5718114
,"Rodovia PRESIDENTE CASTELO BRANCO KM 33, SN, Itaqui, Itapevi, São Paulo",-23.54889,-46.93417
,"Avenida Irmãos Adorno, 449, Sítio do Campo, Praia Grande, São Paulo",-24.00583,-46.40278
,"Avenida DR. FERNANDO COSTA, 282, Centro, Cajati, São Paulo",-24.73611,-48.12278
,"Rua DOUTOR EUGENIO DA FONSECA, 383, JARDIM AEROPORTO I, Itu, São Paulo",-23.26417,-47.29917
,"Rua AVENIDA ANTONIO CARLOS COMITRE, 510, Parque Campolim, Sorocaba, São Paulo",-23.52819,-47.46832
,"Rua DELFINO FACCHINA, 628, AMERICANOPOLIS, São Paulo, São Paulo",-23.5475,-46.63611
,"Rua DESEMBARGADOR ISNARD DOS REIS, 1246, Cidade Kemel, São Paulo, São Paulo",-23.50861,-46.35583
,"Rua ADELIO PAZINATTO, 251, JARDIM AEROPORTO I, Itu, São Paulo",-23.26417,-47.29917
,"Rua CAROLUS-DURAN, 346, VILA GILDA, São Paulo, São Paulo",-23.5475,-46.63611
,"Avenida PIO XII, 900, Jardim Porto Alegre, Capivari, São Paulo",-22.995,-47.50778
,"Avenida MOREIRA CESAR, 308, VILA GRANDINO, Sorocaba, São Paulo",-23.5049803,-47.4635694
,"Rua 21 DE ABRIL, 470, Centro, Bom Jesus dos Perdões, São Paulo",-23.135,-46.46528
,"Rua Firmino Martins, 10, Metalúrgicos, Osasco, São Paulo",-23.5325,-46.79167
,"Rua JOSÉ ANTONIO NUNES, 198, Jardim Henrique Boccolini, Juquitiba, São Paulo",-23.9333584,-47.0700715
,"Estrada MUNICIPAL VALENCIO CALLEGARI, 2002, .., Sumaré, São Paulo",-22.82194,-47.26694
,"Avenida VEREADOR ABEL FERREIRA, 2022, Chacara Mafalda, São Paulo, São Paulo",-23.5475,-46.63611
,"Rodovia CONSTANTE PERUCHI, 677, BAIRRO DO CASCALHO, Cordeirópolis, São Paulo",-22.48194,-47.45667
,"Rua ROLA CABOCLA, 462, Vila Cosmopolita, São Paulo, São Paulo",-23.562324,-46.4221435
,"Estrada GOVERNO, DO, s/n, Pouso Alegre, Franco da Rocha, São Paulo",-23.3344663,-46.7254136
,"Rua JAGUARIUNA, 644, DISTR.INDUSTRIAL, Holambra, São Paulo",-22.63306,-47.05556
,"Rua OTELO ZELONI, 32, PARQUE BELEM, São Paulo, São Paulo",-23.565879,-46.8650012
,"Rua GUILHERME RAPOSO DE ALMEIDA, 373, CIDADE NAUTICA, São Vicente, São Paulo",-23.96306,-46.39194
,"Avenida DR TANCREDO DE ALMEIDA NEVES, 2397, CID.BALNEARIA NOVA PERUIBE, Peruíbe, São Paulo",-24.32,-46.99833
,"Avenida DOS TRES PODERES, 608, RES.CENTRAL PARQUE, Salto, São Paulo",-23.20083,-47.28694
,"Rua CAIOWAA, 1759, Sumaré, São Paulo, São Paulo",-22.82194,-47.26694
,"Avenida MARIA CAVALCANTE DA SILVA, 538, Jardim Samambaia, Praia Grande, São Paulo",-24.00583,-46.40278
,"Avenida DR ALIPIO FERREIRA, 490, CATIGUA, Piracaia, São Paulo",-23.05389,-46.35806
,"Avenida 24 DE DEZEMBRO, 560, Estação, Peruíbe, São Paulo",-24.32,-46.99833
,"Avenida JOSE TONOLI, 336, Centro, Itupeva, São Paulo",-23.15306,-47.05778
,"Avenida IPANEMA, 1338, Jd. Novo Horizonte, Sorocaba, São Paulo",-23.50167,-47.45806
,"Avenida Do Vaticano, 39, Jd João XXIII, São Paulo, São Paulo",-23.5475,-46.63611
,"Avenida DOUTOR ADILSON RODRIGUES, S/N, JD.DAS SAMAMBAIAS, Jundiaí, São Paulo",-23.18639,-46.88417
,"Avenida Capitão Francisco Cesar, 1217, Engenho Novo, Barueri, São Paulo",-23.51056,-46.87611
,"Avenida ARNALDO BIAGIOLLI, 151, Pinheirinho, Vinhedo, São Paulo",-23.02972,-46.97528
,"Rua ARNALDO RODRIGUES, 245, VILA MATEO BEI, São Vicente, São Paulo",-23.9659702,-46.4115062
,"Rua Andradina, 178, Cidade Nova I, Itu, São Paulo",-23.26417,-47.29917
,"Rua PREFEITO JOSE CARLOS, 962, JD SANTA JULIA, Itupeva, São Paulo",-23.1553979,-47.046005
,"Rua MATHEUS GROU, 159, Pinheiros, São Paulo, São Paulo",-23.56729,-46.69232
,"Rua DR. ULPIANO DA COSTA MANSO, 151, Butantã, São Paulo, São Paulo",-23.57374,-46.71936
,"Avenida ONZE DE AGOSTO, 256, Jd. Zaira, Guarulhos, São Paulo",-23.4644112,-46.5364085
,"Avenida PREF. JOSE LOZANO ARAUJO, 1110, CENTRO, Paulínia, São Paulo",-22.76111,-47.15417
,"Avenida APROVADA 294, 775, Boraceia, Bertioga, São Paulo",-23.85444,-46.13861
,"Avenida DAS LETRAS, 659, LOT. VILLA BRANCA, Jacareí, São Paulo",-23.2639515,-45.9453678
,"Avenida BRIGADEIRO LUIS ANTONIO, 3300, Jd.Paulista, São Paulo, São Paulo",-23.5742361,-46.6560882
,"Rua JOSE VIEIRA GUIMARAES, 130, JARDIM SANTA TERESINHA, São Paulo, São Paulo",-23.5233272,-46.4251563
,"Avenida DAS NACOES UNIDAS, 13947, Vila Gertrudes, São Paulo, São Paulo",-23.34969,-46.74632
,"Rua JORGE ZOLNER, 95, Centro, Jundiaí, São Paulo",-23.18639,-46.88417
,"Rua BATISTA CEPELOS, 25, Centro, Cotia, São Paulo",-23.60389,-46.91917
,"Rua ITORORÓ, 74, Jd. Paulista, São José dos Campos, São Paulo",-23.17944,-45.88694
,"Rua BANDEIRANTES, 605, João B.Julião, Guarujá, São Paulo",-23.9830219,-46.2060406
,"Avenida GONCALO MONTEIRO, 625, CIBRATEL II, Itanhaém, São Paulo",-24.2026378,-46.835336
,"Avenida MANOEL ISIDORO MARTINS, 1084, Cidade Martins, Guarulhos, São Paulo",-23.43149,-46.51214
,"Rua Bela Vista, 54, Jardim Prainha, São Paulo, São Paulo",-23.1979389,-46.8131823
,"Rua MIGUEL RODRIGUES, 62, Vila Madalena, São Paulo, São Paulo",-21.06667,-50.93333
,"Avenida PREFEITO PRESTES MAIA, 20, Esplanada dos Barreiros, São Vicente, São Paulo",-23.96306,-46.39194
,"Rua SEBASTIAO MOREIRA, 320, PARQUE PALMEIRAS, Suzano, São Paulo",-23.642015,-46.3254909
,"Praça Das Professoras, 07, Cidade AE Carvalho, São Paulo, São Paulo",-20.48333,-50.01667
,"Rua JARBAS SALLES D AVILA, 438, JARDIM D'AVILA, Osasco, São Paulo",-23.5032364,-46.7671773
,"Rua kahei nakamura, 308, Jardim Miracatu, Miracatu, São Paulo",-24.28139,-47.45972
,"Rua ISABEL DIAS, 47, Alto da Mooca, São Paulo, São Paulo",-23.55801,-46.59508
,"Avenida CONSELHEIRO CARRAO, 3.264, V Carrão, São Paulo, São Paulo",-23.5392496,-46.5535832
,"Estrada CAMPO LIMPO, DO, 3000, Vila Prel, São Paulo, São Paulo",-23.3454526,-46.8424578
,"Rua FERNANDO SILVA, 110, Jd Astro, Sorocaba, São Paulo",-23.50167,-47.45806
,"Rua SAO PAULO, 120, Nova Vinhedo, Vinhedo, São Paulo",-23.021575,-46.9864998
,"Avenida ANTONIO STECK, 129, SAGRADO CORACAO DE JESUS, Louveira, São Paulo",-23.08639,-46.95056
,"Rua CANA VERDE, 110, JARDIM SILVESTRE, Itaquaquecetuba, São Paulo",-23.48611,-46.34833
,"Rua LUIS VAZ DE CAMOES, 177, Cumbica, Guarulhos, São Paulo",-23.46667,-46.46667
,"Rua EDMILSON RODRIGUES MARCELINO, 976, Cidade Miguel Brada, Suzano, São Paulo",-23.5425,-46.31083
,"Rua ARY DE ALMEIDA, 71, CAMBUI, Itapetininga, São Paulo",-23.59167,-48.05306
,"Avenida DUQUE DE CAXIAS, 2395, JD PROMECA, Várzea Paulista, São Paulo",-23.21139,-46.82833
,"Avenida Onze de Junho, 744, Vila Clementino, São Paulo, São Paulo",-23.5475,-46.63611
,"Estrada Da Ligação, 281, Jd.Monte Verde, São Paulo, São Paulo",-23.5475,-46.63611
,"Avenida DOUTOR ADHEMAR DE BARROS, 563, JD.SAO DIMAS, São José dos Campos, São Paulo",-23.1953942,-45.8909157
,"Rua QUINZE DE PIRACICABA, 19, Jardim Sandra, Cotia, São Paulo",-23.60389,-46.91917
,"Avenida Onze de Junho, 744, Vila Clementino, São Paulo, São Paulo",-23.5475,-46.63611
,"Estrada Da Ligação, 281, Jd.Monte Verde, São Paulo, São Paulo",-23.5475,-46.63611
,"Avenida SAO JOAO, 2555, JARDIM DAS COLINAS, São José dos Campos, São Paulo",-23.17944,-45.88694
,"Avenida Onze de Junho, 744, Vila Clementino, São Paulo, São Paulo",-23.5475,-46.63611
,"Estrada Da Ligação, 281, Jd.Monte Verde, São Paulo, São Paulo",-23.5475,-46.63611
,"Rua AGOSTINHO DE PAIVA, 529, C REDONDO, São Paulo, São Paulo",-23.6520726,-46.789662
,"Avenida PREF. JOSE LOZANO ARAUJO, 1110, CENTRO, Paulínia, São Paulo",-22.76111,-47.15417
,"PIO XII, 900, PORTO ALEGRE, CAPIVARI, SP",-23.0025203,-47.5189003
,"LINO PINTO DOS SANTOS, 22, 26, JARDIM FELICIDADE, SAO PAULO, SP",-23.5475,-46.63611
,"AMARO GODINHO, 964, CANGUERA, SAO ROQUE, SP",-23.6052592,-47.1651961
,"RAIMUNDO PEREIRA DE MAGALHAES, 2541, JARDIM IRIS, SAO PAULO, SP",-23.5475,-46.63611
,"DR HEITOR NASCIMENTO, 30, MOINHO VELHO, SAO PAULO, SP",-23.5475,-46.63611
,"DOUTOR JOAO BATISTA SOARES DE QUEIROZ JUNIOR, 398, SALA 02, JARDIM DAS INDUSTRIAS, SAO JOSE DOS CAMPOS, SP",-23.2235091,-45.9183435
,"ELISIO CORDEIRO DE SIQUEIRA, 961, 963, JARDIM SANTO ELIAS, SAO PAULO, SP",-23.48897,-46.7451773
,"PASCOAL SANTI, 328, VILLAREJO SOPE DA SERRA (VILAREJO), CABREUVA, SP",-23.2755188,-47.0599521
,"PIO XII, 900, PORTO ALEGRE, CAPIVARI, SP",-22.9954688,-47.5108908
,"MELVIN JONES, 2602, MOISES DE FREITAS, VILHENA, RO",-12.7255583,-60.1464679
,"AVENIDA MINISTRO MARIO ANDREAZZA, 1.424, DISTRITO INDUSTRIAL, MANAUS, AM",-3.132649,-59.9731383
,"ACAI, 2045, LOTE - 2 . 2, DISTRITO INDUSTRIAL, MANAUS, AM",-3.10194,-60.025
,"SENHORA MARIA APARECIDA PESSUTTI MILEGO, 250, PARQUE CAMPOLIM, SOROCABA, SP",-23.5303151,-47.4646287
,"SENHORA MARIA APARECIDA PESSUTTI MILEGO, 250, PARQUE CAMPOLIM, SOROCABA, SP",-23.5297378,-47.4634109
